{"_module": "oauth2client.client", "scopes": ["https://www.googleapis.com/auth/calendar"], "token_expiry": "2017-05-02T19:02:40Z", "id_token": null, "access_token": "ya29.Glw-BH78vcm2z-xyY8OLh_lT1tbVvMxm0Qa7jZa4K1yRriIQ9GTWjp75TjbhQdhJpz4RtKiigFGTFH_H6jtTnfz_eNqykMB-VqHPR_6-MJQwvb9NWAt_1-mHNt7xaQ", "token_uri": "https://accounts.google.com/o/oauth2/token", "invalid": false, "token_response": {"access_token": "ya29.Glw-BH78vcm2z-xyY8OLh_lT1tbVvMxm0Qa7jZa4K1yRriIQ9GTWjp75TjbhQdhJpz4RtKiigFGTFH_H6jtTnfz_eNqykMB-VqHPR_6-MJQwvb9NWAt_1-mHNt7xaQ", "token_type": "Bearer", "expires_in": 3600}, "client_id": "153230217988-hhjveebnlub0be4afahph2u1sr2fjkvo.apps.googleusercontent.com", "token_info_uri": "https://www.googleapis.com/oauth2/v3/tokeninfo", "client_secret": "RI8LQpYJWAMyP_vPQMuZKlo6", "revoke_uri": "https://accounts.google.com/o/oauth2/revoke", "_class": "OAuth2Credentials", "refresh_token": "1/R677bcztRL_c7Wo7r6zRpvL-9m1QYww0vxbzM1XhLW8", "user_agent": "Google Calendar API Python Quickstart"}