Title,created,template,attachments,receipients,launched
first campaign,2017-04-20 01:09:55,Gooogle OAuthSignIn.txt,old index for essta.txt,"[""hitechpundir@yahoo.com"",""ty@gmail.com""]",True
second campaign,2017-04-20 01:19:51,Gooogle OAuthSignIn.txt,old index for essta.txt,"[""hitechpundir@yahoo.com"",""ty@gmail.com""]",True
thcampaign,2017-04-20 01:35:28,Gooogle OAuthSignIn.txt,old index for essta.txt,"[""hitechpundir@yahoo.com"",""ty@gmail.com""]",True
kkk,2017-04-20 01:36:14,Gooogle OAuthSignIn.txt,old index for essta.txt,"[""hitechpundir@yahoo.com"",""ty@gmail.com""]",True
kkk,2017-04-20 01:37:39,Gooogle OAuthSignIn.txt,old index for essta.txt,"[""hitechpundir@yahoo.com"",""ty@gmail.com""]",True
kkk,2017-04-20 01:38:21,Gooogle OAuthSignIn.txt,old index for essta.txt,"[""hitechpundir@yahoo.com"",""ty@gmail.com""]",True
kkk,2017-04-20 01:40:47,Gooogle OAuthSignIn.txt,old index for essta.txt,"[""hitechpundir@yahoo.com"",""ty@gmail.com""]",True
kkk,2017-04-20 01:43:46,Gooogle OAuthSignIn.txt,test.txt,"[""hitechpundir@yahoo.com"",""ty@gmail.com""]",True
